,description.sold_price
2588,370000.0
4421,640000.0
22,107000.0
4750,150000.0
537,300000.0
484,2600000.0
5138,700000.0
4048,259900.0
480,530000.0
6815,382000.0
8061,219000.0
5149,430000.0
3507,450000.0
7538,800000.0
4416,644000.0
3040,154000.0
6798,350500.0
3540,718800.0
7084,465000.0
819,235000.0
6297,280000.0
7186,235000.0
6161,285000.0
4447,822500.0
2030,250000.0
2611,420000.0
5204,279000.0
3144,85000.0
5782,139900.0
6216,485000.0
5847,495000.0
6847,290000.0
4000,590000.0
4003,185000.0
784,412000.0
7266,556000.0
2422,185000.0
236,267000.0
7888,239900.0
3510,300000.0
3430,555000.0
2579,625000.0
7209,621000.0
1076,485000.0
3270,400000.0
1701,159900.0
5439,765000.0
1537,160000.0
5776,283000.0
2285,3575.0
4881,498000.0
504,385000.0
5284,180000.0
1212,400000.0
5254,240000.0
34,266900.0
727,170000.0
6731,475000.0
4039,425000.0
5117,635000.0
6812,214400.0
960,250000.0
2288,99000.0
4868,430000.0
5398,260000.0
106,400000.0
7331,610000.0
3833,160000.0
6612,520000.0
6819,250000.0
4758,210000.0
5494,525000.0
2612,335500.0
5484,705000.0
5846,800000.0
7845,436000.0
2217,326000.0
1135,303000.0
1696,162450.0
4839,345000.0
5095,385000.0
4500,512000.0
2229,205000.0
1271,147000.0
7482,165000.0
7917,100000.0
3727,245000.0
1153,401000.0
402,75000.0
3294,441000.0
6087,440000.0
7387,234000.0
4913,315000.0
4846,415000.0
7231,1465000.0
5767,63000.0
4980,560000.0
5635,1437500.0
3309,485000.0
2449,375000.0
505,161500.0
7322,430000.0
671,215000.0
1612,360000.0
4974,575000.0
6800,820000.0
4705,539900.0
2099,707000.0
7475,267500.0
6715,225000.0
1081,430000.0
3037,287000.0
1444,760000.0
5395,85000.0
2494,340000.0
5162,500000.0
5417,360000.0
5708,415000.0
5665,698000.0
6732,125000.0
3310,705000.0
5618,12500000.0
5624,1925000.0
2005,283000.0
147,1195000.0
7314,745000.0
1336,293500.0
4242,267500.0
1379,117777.0
1242,210000.0
6384,190000.0
4836,275000.0
1718,245000.0
1202,525000.0
2673,389500.0
3490,1410000.0
7039,153000.0
405,145000.0
6279,385000.0
3717,3575.0
4900,255000.0
5810,185000.0
7988,112000.0
3501,739900.0
7143,185000.0
6927,390000.0
7705,360000.0
2902,470000.0
6549,745000.0
3276,120000.0
8155,140000.0
872,298800.0
7446,340000.0
2465,541000.0
8142,145000.0
7091,575000.0
5732,822500.0
793,220000.0
1079,580000.0
3995,340000.0
387,130000.0
947,250000.0
8033,450000.0
3686,68750.0
6276,140000.0
4130,700000.0
7630,270000.0
7997,110000.0
5592,315000.0
7242,1925000.0
1173,250000.0
767,610000.0
7934,147000.0
7936,345000.0
1732,485000.0
5757,195000.0
2098,415000.0
3750,271000.0
5414,496000.0
778,230000.0
8018,185000.0
584,1220000.0
7649,225000.0
6166,315000.0
2270,15400.0
6160,335000.0
6523,1460000.0
6364,115000.0
3545,550000.0
5222,332000.0
731,63000.0
8010,75000.0
4380,159000.0
2164,320000.0
4878,186000.0
4932,332000.0
7963,460000.0
5203,315000.0
6496,310000.0
889,905000.0
5683,350000.0
2833,204000.0
325,466000.0
1599,1150000.0
5065,232000.0
4835,425000.0
652,284500.0
31,225000.0
3684,38500.0
3980,412000.0
5778,160000.0
1996,305000.0
4154,690000.0
733,245000.0
7320,313000.0
4149,290000.0
3382,465000.0
1675,68000.0
3603,494000.0
2124,225000.0
7390,280000.0
4243,163000.0
5744,65000.0
6375,396500.0
6846,115000.0
5432,428000.0
3893,733900.0
1745,540000.0
3582,300000.0
5426,487000.0
369,234900.0
3560,230000.0
4515,250000.0
7238,1159000.0
302,395000.0
1704,69000.0
1626,555000.0
4906,755000.0
1086,320000.0
393,69000.0
1522,385000.0
7562,283000.0
5823,472000.0
6154,410000.0
7233,740000.0
2923,135000.0
4670,188000.0
794,25000.0
1069,330000.0
760,373000.0
5283,150000.0
5252,200000.0
775,490000.0
8063,765000.0
5014,555000.0
5184,385000.0
4450,425000.0
4400,245000.0
2390,305000.0
6088,57000.0
764,903000.0
6836,145000.0
3502,305000.0
1832,825000.0
4677,230000.0
6041,330000.0
5012,452500.0
3607,495000.0
1669,430000.0
4889,350000.0
4772,147000.0
5849,900000.0
5140,459900.0
6518,755000.0
3038,330000.0
4483,144000.0
4897,267000.0
2461,2800000.0
805,109000.0
3183,637500.0
5812,255000.0
3786,345000.0
5238,376500.0
4115,264900.0
5800,380000.0
3580,370000.0
7110,562000.0
5710,215000.0
6228,340000.0
1833,432000.0
7496,280000.0
802,165000.0
4012,333900.0
2292,115500.0
958,250000.0
3793,263626.0
2455,374000.0
655,270000.0
7942,300000.0
2067,1795000.0
4350,86500.0
7023,267500.0
3130,550000.0
594,1925000.0
1720,237050.0
6186,455555.0
5807,335000.0
7142,263626.0
4690,210000.0
6423,570000.0
7200,610000.0
8143,236000.0
7182,460000.0
334,194628.0
4425,215000.0
5132,410000.0
3320,505000.0
4950,295000.0
2224,144815.0
3075,467500.0
360,472500.0
3918,325000.0
4621,63000.0
656,339000.0
6832,250000.0
7214,1000000.0
6926,238000.0
5904,165000.0
7766,345000.0
2637,375000.0
6052,410500.0
7040,165000.0
1377,575000.0
5156,550000.0
5480,530000.0
567,260000.0
2945,1180000.0
4702,575000.0
919,399000.0
2210,178000.0
7280,465000.0
2003,225000.0
3962,2800000.0
1418,368000.0
2420,355000.0
5598,248000.0
636,327000.0
7932,153000.0
418,162000.0
5861,178000.0
7149,276000.0
2242,152500.0
3296,240000.0
1366,357000.0
1392,445000.0
2105,135000.0
7869,240000.0
3248,142000.0
4712,365000.0
1110,425000.0
5657,1690000.0
772,343000.0
4783,150000.0
6551,436000.0
6497,395000.0
2034,14900.0
1114,137000.0
1629,823500.0
6866,200000.0
7975,151000.0
8,208000.0
1727,135900.0
2847,106900.0
2467,395000.0
5474,710000.0
7651,266900.0
3292,315000.0
6312,300000.0
3427,7400000.0
5837,395000.0
2248,118000.0
5814,265000.0
5220,705000.0
5134,580000.0
7346,454000.0
732,106000.0
2188,227500.0
4152,487000.0
4847,195000.0
2166,283000.0
293,189000.0
4748,150000.0
2791,105000.0
7407,16500.0
2212,185000.0
6313,330000.0
4837,325000.0
1485,240000.0
2627,429000.0
2939,565000.0
1750,85000.0
1256,238000.0
8067,1125000.0
6081,265000.0
2024,214000.0
8126,325000.0
2737,340000.0
3080,194628.0
3598,355000.0
5225,555000.0
344,425000.0
7047,272000.0
6415,460000.0
6793,430000.0
5243,142000.0
4402,100000.0
5818,357000.0
4671,642500.0
943,335000.0
291,318000.0
35,497900.0
7247,400000.0
2731,318000.0
3307,160000.0
5895,185000.0
5212,288000.0
6431,185000.0
8021,100000.0
2859,225000.0
3797,165000.0
458,330000.0
7558,115000.0
1767,452000.0
4168,280000.0
1304,212000.0
2798,280000.0
7376,159900.0
1631,623000.0
6400,56000.0
5869,115000.0
6077,215000.0
3062,410000.0
1133,635000.0
7834,500000.0
3079,415000.0
3583,360000.0
5691,460000.0
3751,168000.0
214,675000.0
2424,359900.0
5916,69500.0
5024,850000.0
1630,1550000.0
4537,310000.0
2170,68250.0
4005,359900.0
6474,138000.0
3403,650000.0
5465,620000.0
7485,255000.0
3066,705000.0
4775,106000.0
7461,220000.0
4433,203000.0
3683,13200.0
3188,225000.0
7512,690000.0
2112,160000.0
2262,22000.0
2346,200000.0
2066,315000.0
1087,599000.0
2718,190000.0
2209,320000.0
1628,225000.0
3755,300000.0
7171,350000.0
5087,260000.0
1175,290000.0
7284,327000.0
1128,325000.0
7198,950000.0
1237,340000.0
5636,1100000.0
226,825000.0
7874,288000.0
592,637500.0
3829,320000.0
890,315000.0
2576,777000.0
541,191000.0
7375,230000.0
473,200000.0
7648,225000.0
3837,139900.0
665,235000.0
4674,247400.0
821,212000.0
1273,360000.0
222,340000.0
5374,530000.0
2789,150000.0
4057,425000.0
519,160000.0
4891,448000.0
417,205000.0
1534,261000.0
6128,190000.0
5924,212000.0
7924,200000.0
7088,530000.0
2055,224325.0
6171,505000.0
2831,175100.0
7464,238000.0
2335,271000.0
1973,196000.0
4268,27500.0
1142,355000.0
4658,148000.0
119,3850000.0
2591,700000.0
3486,2500000.0
1399,505000.0
4247,147000.0
923,650000.0
1847,345000.0
7835,690000.0
1726,117000.0
6622,500000.0
5023,565000.0
4693,240000.0
6301,530000.0
6201,395000.0
1283,153000.0
5126,625000.0
1344,347000.0
2152,150000.0
8022,75000.0
881,280000.0
8109,75000.0
1622,525000.0
4420,190000.0
5852,527500.0
2732,205500.0
8089,396500.0
3380,424099.0
7197,637500.0
4754,240000.0
2558,1075000.0
2158,106000.0
6277,269000.0
6909,509000.0
3111,236000.0
7021,272500.0
2571,375000.0
809,272000.0
5601,307000.0
3426,625000.0
4939,299000.0
5456,287000.0
7925,359000.0
4076,300000.0
1179,231000.0
1651,145000.0
3379,440000.0
5775,120000.0
711,260000.0
2622,370000.0
7094,595000.0
6543,340000.0
787,562000.0
4935,1410000.0
629,395000.0
1813,1206000.0
2283,88000.0
1611,1250000.0
5811,240000.0
1853,755000.0
848,340000.0
5927,240000.0
4451,260000.0
4298,275000.0
1456,610000.0
5092,122500.0
6516,718750.0
5920,235000.0
3177,415000.0
2035,20700.0
1843,180000.0
531,158000.0
6546,1010000.0
1085,315000.0
6200,315000.0
6096,610000.0
4377,180000.0
7836,498000.0
4368,240000.0
385,162450.0
4132,315000.0
6713,305000.0
3105,282000.0
4442,262500.0
7851,267000.0
945,118000.0
6085,65000.0
6563,350000.0
1702,148800.0
3947,5900.0
7330,785000.0
7301,350000.0
5913,230000.0
3275,153000.0
4718,440000.0
7750,1500000.0
1707,125000.0
634,349500.0
2290,162250.0
4139,560000.0
1760,364900.0
3813,136000.0
2001,427900.0
1436,250000.0
4709,485000.0
5346,190000.0
465,325000.0
5230,759000.0
4113,550000.0
5842,245000.0
6394,39900.0
1703,75000.0
3595,285000.0
292,570000.0
2884,550000.0
7188,410000.0
2793,275000.0
6413,297000.0
8026,49900.0
3638,214400.0
7102,775000.0
961,115000.0
3589,380000.0
3967,315000.0
2867,110000.0
4956,500000.0
5892,200000.0
3752,220000.0
1063,550000.0
2929,1375000.0
3392,689900.0
6902,905000.0
5893,152500.0
6115,255000.0
7011,1299000.0
30,200000.0
5909,155000.0
4538,220000.0
1415,199900.0
1461,910000.0
3860,737000.0
929,412000.0
6488,189000.0
1244,442015.0
550,733900.0
6447,402000.0
906,270000.0
2868,667500.0
2498,300000.0
3257,200000.0
7010,220000.0
6393,258000.0
3042,225900.0
8071,1460000.0
7179,285000.0
1845,540000.0
2226,283500.0
3259,240000.0
345,244500.0
5369,709900.0
4915,441000.0
6537,525000.0
7327,500100.0
5793,86500.0
2470,960000.0
5630,910000.0
2677,705000.0
1566,135000.0
7161,400000.0
4235,177500.0
7933,120000.0
4335,185000.0
5865,365000.0
7528,154000.0
7854,540000.0
5159,460000.0
6142,212500.0
7092,530000.0
7236,12500000.0
3528,207000.0
1824,1038712.0
551,320000.0
7516,310000.0
6716,200000.0
5881,330000.0
5094,125000.0
5372,667500.0
7150,395000.0
925,440000.0
687,277000.0
252,325000.0
624,1100000.0
6522,750000.0
5275,106000.0
4379,60000.0
1203,750000.0
1849,28000.0
3052,1915000.0
4053,450000.0
3175,164900.0
1769,480000.0
7564,585000.0
969,455555.0
631,435000.0
5406,470000.0
4648,325000.0
6368,530000.0
4228,220000.0
2606,999999.0
4504,42900.0
1088,340000.0
676,262500.0
7621,106000.0
5330,220000.0
7487,905000.0
6389,236500.0
6203,550000.0
1850,470000.0
5127,985000.0
6361,162000.0
639,450000.0
5136,450000.0
699,425000.0
4784,180000.0
892,700000.0
3405,415000.0
2146,147000.0
3247,145000.0
3093,59000.0
3400,385000.0
4299,220000.0
5280,497000.0
3416,1048000.0
1293,185000.0
2259,62000.0
7316,472000.0
4099,207000.0
1469,1000000.0
818,332500.0
3974,2500000.0
4623,150000.0
1299,155000.0
8023,89900.0
6116,200000.0
7272,1100000.0
6828,335000.0
7224,665000.0
3103,295000.0
862,327500.0
2253,61050.0
6510,823500.0
2878,439000.0
2106,320000.0
4574,655000.0
365,236000.0
6034,1244104.0
7555,250000.0
5975,42900.0
5279,300000.0
2161,100000.0
3988,430000.0
1361,472000.0
5771,100000.0
3121,667500.0
844,261900.0
3840,173000.0
4978,385000.0
5930,232000.0
3970,550000.0
5453,395000.0
7294,335000.0
2680,555000.0
5759,31500.0
4905,470000.0
312,555000.0
2382,282000.0
607,1279000.0
2094,134000.0
3773,295000.0
8096,222000.0
5679,331500.0
4952,699000.0
1697,315000.0
3869,245000.0
4652,615000.0
7620,295000.0
1698,130000.0
477,1410000.0
3137,550000.0
1303,160000.0
2851,135000.0
5056,10000.0
1687,26000.0
5918,399900.0
5021,459900.0
1672,295000.0
1632,219000.0
6227,599000.0
7971,570000.0
7191,558000.0
5020,314000.0
1208,290000.0
6499,784000.0
5091,230000.0
5923,160000.0
5070,242000.0
3733,326000.0
7515,375000.0
6232,300000.0
231,625600.0
511,325000.0
903,383000.0
642,515000.0
7063,240000.0
7744,465000.0
4251,280000.0
3084,350000.0
7545,285000.0
6072,230000.0
6795,575000.0
3063,565000.0
914,690000.0
8077,225000.0
7974,228000.0
1670,172000.0
6065,382000.0
6804,490000.0
241,345000.0
1309,280000.0
3909,239000.0
7001,162500.0
543,263000.0
645,607900.0
322,174632.0
361,68000.0
2582,7400000.0
3692,16500.0
3058,670000.0
4470,320000.0
697,822500.0
2736,245000.0
7711,1041750.0
396,106900.0
4134,707500.0
863,220000.0
4456,370000.0
3800,169000.0
3784,380000.0
2940,240000.0
6553,827522.0
4679,1915000.0
2439,330000.0
7291,455000.0
2869,539900.0
2892,470000.0
3814,31500.0
589,335000.0
2287,74250.0
3375,460000.0
7857,350000.0
1852,1090000.0
2014,475000.0
5948,62000.0
747,115000.0
4961,700000.0
5469,230000.0
4378,260000.0
5712,262500.0
7990,234900.0
7035,165000.0
6725,260000.0
4082,303000.0
7154,590000.0
2119,270000.0
6799,105000.0
7038,136000.0
6379,63500.0
7777,300000.0
2682,375000.0
3735,270000.0
5152,287500.0
7279,435000.0
7880,160000.0
6422,660000.0
1306,234000.0
2633,800000.0
108,1035800.0
3739,235000.0
6208,2500000.0
3113,112000.0
5379,115000.0
2686,759000.0
7483,130000.0
4879,1038712.0
7031,360000.0
4345,85000.0
8038,496000.0
6290,100000.0
4739,375000.0
2211,245000.0
7083,373000.0
4269,28600.0
8004,315000.0
4516,94500.0
568,226500.0
5578,262500.0
5259,140000.0
2873,485000.0
3854,135000.0
6363,225000.0
7099,395000.0
4394,170000.0
7164,455000.0
3968,395000.0
1196,280000.0
662,172500.0
0,345000.0
3806,159000.0
3203,1000000.0
5459,154000.0
8146,158000.0
330,485000.0
5628,360000.0
5855,392000.0
6519,1125000.0
5268,221000.0
7824,415000.0
3114,559900.0
1715,75000.0
2597,450000.0
5416,1250000.0
5157,343000.0
1147,250000.0
5264,295000.0
2864,95000.0
323,755000.0
4226,320000.0
3715,88000.0
921,1862500.0
1766,425000.0
707,245000.0
7638,274500.0
581,250000.0
3736,295000.0
6464,75000.0
127,289900.0
938,320000.0
4427,262500.0
3907,144000.0
5889,519000.0
4963,705000.0
7470,298800.0
632,465000.0
3990,739900.0
949,315000.0
7833,1038712.0
4554,218829.0
6049,105000.0
7909,150000.0
2150,178000.0
8012,62500.0
7495,3200000.0
5270,153000.0
7938,762000.0
6308,322000.0
5607,170000.0
5873,247000.0
5207,240000.0
3762,260000.0
3941,250000.0
2883,600000.0
6050,820000.0
3323,340000.0
8028,225000.0
6155,320000.0
1755,689999.0
6387,175000.0
7237,335000.0
3960,370000.0
7270,675000.0
5882,259000.0
2946,340000.0
2077,260000.0
7371,259500.0
4067,350000.0
8034,318000.0
6191,135500.0
5215,545900.0
4313,247000.0
1395,495000.0
7166,607900.0
1219,1862500.0
6043,430000.0
1103,350000.0
2400,370000.0
1429,284500.0
5703,360000.0
1313,379990.0
5269,220000.0
6165,285000.0
5019,700000.0
7628,219900.0
1463,40000.0
7158,629000.0
6067,69750.0
4006,494000.0
6781,495000.0
1169,217000.0
1473,670000.0
1387,230000.0
6501,328500.0
5961,115500.0
7970,660000.0
964,450000.0
3295,315000.0
7162,368000.0
2569,850000.0
2641,650000.0
3046,620000.0
7193,12500000.0
215,1701500.0
7147,265000.0
3874,425000.0
4258,61050.0
507,220000.0
3187,125000.0
4660,388000.0
670,640000.0
899,280000.0
4007,645000.0
3836,385000.0
1356,302500.0
590,1159000.0
1641,750000.0
2095,190000.0
598,360000.0
5845,412000.0
3453,999999.0
5202,245000.0
5216,120000.0
1486,29900.0
7313,235000.0
5186,560000.0
7941,497000.0
2600,518444.0
4445,245000.0
126,460000.0
7986,236000.0
3574,350000.0
7366,165000.0
1816,200000.0
4741,399950.0
4753,360000.0
7858,28000.0
5386,440000.0
680,320000.0
124,599000.0
7993,402000.0
4759,140000.0
2160,245000.0
4856,125000.0
3073,1180000.0
4549,92500.0
2409,380000.0
3085,460000.0
2225,255000.0
4028,350500.0
5150,895000.0
3888,224325.0
434,9000.0
7960,169500.0
6517,174632.0
2397,230000.0
1401,245000.0
2598,1195000.0
5870,270000.0
622,675000.0
1185,905000.0
1815,415000.0
7915,360000.0
1476,2300000.0
5485,240000.0
5760,172500.0
1593,325000.0
2704,292000.0
1066,534000.0
2190,270000.0
3584,610000.0
453,615000.0
7203,360000.0
1921,1041750.0
630,651000.0
557,1795000.0
2239,519000.0
3780,270000.0
4640,190000.0
419,1170000.0
5613,389900.0
1105,542500.0
482,410000.0
3611,515000.0
3812,195000.0
5697,410000.0
1330,235000.0
4034,487000.0
4054,215000.0
3424,460000.0
1725,95000.0
5583,222000.0
1711,185000.0
3260,100000.0
5619,335000.0
2401,1200000.0
4030,375000.0
5223,371500.0
3155,470000.0
5772,95900.0
5726,206000.0
8102,103000.0
3635,529900.0
7661,210000.0
2852,138000.0
2060,733900.0
7167,335000.0
5200,265300.0
5096,210000.0
8053,1500000.0
5609,220000.0
4426,225000.0
373,132500.0
3249,220000.0
1424,780000.0
276,318000.0
5910,259500.0
5333,292000.0
6706,275000.0
3628,410500.0
2088,221500.0
2020,19900.0
5088,703125.0
6111,115000.0
3508,431000.0
5648,556000.0
6390,225000.0
1453,637500.0
7263,2300000.0
2908,452000.0
1352,255900.0
7856,345000.0
1099,412000.0
596,825000.0
5646,1760000.0
7477,172500.0
7160,450000.0
5685,270000.0
1151,320000.0
4460,747000.0
6861,115000.0
6913,280000.0
2926,220000.0
664,420000.0
4487,226500.0
3757,200000.0
2713,250000.0
297,1250000.0
1189,205000.0
3065,240000.0
3965,325000.0
719,310000.0
3748,240300.0
1095,345000.0
1349,152500.0
2815,200000.0
2931,200000.0
2093,360000.0
220,498000.0
2377,225000.0
1183,390000.0
5244,220000.0
1120,350000.0
6427,151000.0
7329,530000.0
4535,385000.0
804,214000.0
1654,570000.0
8123,75000.0
3794,185000.0
140,700000.0
7076,513000.0
2860,237050.0
549,675000.0
2080,224900.0
8138,218829.0
7077,1075000.0
5906,274000.0
1123,1200000.0
6624,1550000.0
7275,385000.0
7658,122500.0
4027,105000.0
5464,325000.0
5707,215000.0
6613,294000.0
7080,357000.0
4699,250000.0
5335,325000.0
1542,143500.0
1144,154000.0
3904,630000.0
2788,285000.0
5694,420000.0
898,246500.0
7955,194628.0
6906,205000.0
6728,465000.0
440,379000.0
2456,750000.0
3544,264900.0
248,412000.0
7458,165000.0
3376,820000.0
6294,160000.0
4848,190000.0
4768,221000.0
1699,197000.0
613,670000.0
6435,810000.0
2665,306000.0
610,420000.0
3552,748900.0
3322,450000.0
1758,450000.0
363,194900.0
6699,346000.0
3921,247900.0
4033,490000.0
2691,475000.0
4960,465000.0
4397,111200.0
5381,550000.0
1712,135000.0
1637,755000.0
6855,390000.0
721,195000.0
7381,235000.0
4977,375000.0
5247,150000.0
7417,86000.0
216,525000.0
7098,490000.0
7886,1410000.0
6429,172000.0
3388,1500000.0
1749,490000.0
3906,485000.0
864,810000.0
1524,310000.0
6170,75000.0
5090,465000.0
7827,359900.0
4685,1410000.0
6366,63000.0
7057,355000.0
4336,255900.0
5875,144815.0
1107,215000.0
3200,430000.0
1496,300000.0
3791,335000.0
2168,160000.0
3916,220000.0
4403,95900.0
2618,424099.0
7397,145000.0
625,229900.0
5824,500100.0
237,180000.0
5649,665000.0
648,205000.0
3815,178000.0
4018,429000.0
3410,490000.0
2155,162000.0
2601,395000.0
4459,191000.0
1325,115000.0
3301,288000.0
8042,480000.0
7647,200000.0
2570,635000.0
2639,358000.0
4966,1500000.0
3483,960000.0
4529,141000.0
7042,274000.0
217,385000.0
6521,540000.0
3567,227000.0
3397,405000.0
7456,188000.0
2221,350000.0
107,710000.0
7229,1100000.0
644,430000.0
1923,500000.0
3771,260000.0
5016,370000.0
1158,118000.0
758,430000.0
6433,472500.0
1367,430000.0
5248,150000.0
4730,260000.0
7009,810000.0
2846,125000.0
6416,312000.0
4036,374000.0
6820,325000.0
1314,245000.0
518,92500.0
3865,206000.0
4502,29900.0
5402,415000.0
4013,1244104.0
1552,235000.0
7481,360000.0
3534,190000.0
6211,1325000.0
5011,555000.0
6030,420000.0
1224,650000.0
517,323000.0
5144,450000.0
1992,350000.0
4325,271000.0
6046,498500.0
6083,60000.0
8069,540000.0
8059,1550000.0
1607,189000.0
138,450000.0
4656,56000.0
6156,275000.0
4374,145000.0
6221,430000.0
4105,190000.0
2690,340000.0
2801,140000.0
6226,320000.0
6070,345000.0
3305,120000.0
250,292000.0
2016,240000.0
7258,420000.0
6936,1862500.0
4252,1222000.0
4291,42900.0
6704,270000.0
4511,15900.0
5483,565000.0
563,485000.0
7046,259500.0
8062,390000.0
3848,707000.0
5614,247900.0
6225,315000.0
105,360000.0
5919,155000.0
1664,570000.0
1296,69500.0
4692,705000.0
1406,395000.0
4432,328350.0
6377,9000.0
698,225000.0
462,225900.0
1270,280000.0
1302,235000.0
5124,460000.0
7128,227000.0
6867,289000.0
4633,9000.0
4828,263000.0
6830,118000.0
3901,203000.0
2701,290000.0
2122,822500.0
7385,212000.0
1155,265000.0
3548,824800.0
1161,285000.0
580,393000.0
650,350000.0
1682,559900.0
37,229995.0
5433,225000.0
1411,349500.0
7026,172500.0
8036,189000.0
2587,580000.0
1071,1325000.0
3378,500000.0
4620,115000.0
8047,784000.0
965,283000.0
4419,134000.0
2489,260000.0
934,250000.0
6315,140000.0
7234,558000.0
3050,230000.0
770,117777.0
1108,362500.0
700,260000.0
2616,500000.0
3897,203000.0
4767,250000.0
4997,1500000.0
7027,380000.0
6385,48500.0
4159,437000.0
791,392000.0
3808,149900.0
5206,315000.0
8040,1250000.0
7981,472500.0
3293,279000.0
5185,358000.0
4431,320000.0
3899,315000.0
6466,69000.0
6042,312000.0
3609,333900.0
4866,245000.0
6045,575000.0
4501,240000.0
3981,2800000.0
582,705000.0
5560,20700.0
4949,387900.0
1423,335000.0
2169,439900.0
4965,1285000.0
1408,435000.0
446,236500.0
3835,68250.0
1930,850000.0
4484,307000.0
5179,800000.0
485,240000.0
657,300000.0
6942,440000.0
4622,135000.0
5783,115000.0
355,430000.0
5891,221000.0
7368,214000.0
7338,468000.0
896,707500.0
4114,266000.0
5813,165000.0
4422,215000.0
5835,468000.0
910,290000.0
8065,174632.0
771,595000.0
340,297000.0
40,230000.0
5344,415000.0
1246,185000.0
8145,265000.0
1466,1100000.0
941,800000.0
5885,271000.0
442,48500.0
6058,750000.0
4626,159900.0
5472,200000.0
3597,220000.0
3879,170000.0
207,1206000.0
1389,355000.0
6710,274500.0
7755,365000.0
1689,140000.0
3985,475000.0
310,1500000.0
3131,439000.0
2607,520000.0
6092,370000.0
3775,331000.0
1603,492450.0
1974,205000.0
2603,895000.0
3428,380000.0
2252,38500.0
341,570000.0
3117,425000.0
4746,285000.0
5863,185000.0
7119,144000.0
2856,145000.0
3782,305000.0
3890,222000.0
7450,362000.0
5888,347000.0
6709,350000.0
4129,500000.0
5440,718750.0
3112,415000.0
5057,71500.0
5925,197000.0
5407,375000.0
6729,230000.0
1164,145000.0
5734,225000.0
1471,420000.0
3623,465000.0
8088,417000.0
5621,1560000.0
3741,255000.0
4911,349900.0
7282,349500.0
1218,437000.0
7544,250000.0
615,2300000.0
5853,689000.0
1116,350000.0
2450,410500.0
7968,59000.0
7131,305000.0
7114,527500.0
1736,550000.0
19,241500.0
224,28000.0
2418,412000.0
1536,92500.0
4928,160000.0
6912,3200000.0
5466,247400.0
6856,405000.0
5682,284500.0
2891,85000.0
1822,525000.0
3602,359900.0
6383,379000.0
3576,57000.0
6079,227000.0
6849,450000.0
474,1375000.0
6402,490000.0
1159,249900.0
2235,168000.0
1741,440000.0
3555,310000.0
5454,136000.0
5027,219000.0
7278,651000.0
4300,320000.0
7367,274000.0
3145,470000.0
790,505000.0
4136,3200000.0
2127,364500.0
2918,188000.0
1447,558000.0
1477,1760000.0
7355,527500.0
2948,89500.0
932,340000.0
626,457000.0
2497,280000.0
1276,220000.0
2875,115000.0
2666,515000.0
1640,540000.0
4673,620000.0
7979,185000.0
7497,246500.0
5622,637500.0
5766,111200.0
2139,424900.0
1148,325000.0
1381,343000.0
2724,318000.0
2009,229995.0
1525,220000.0
2050,191000.0
7991,132500.0
4412,385000.0
5125,289900.0
6450,140000.0
5449,485000.0
6129,280000.0
2630,689900.0
4948,376500.0
1414,629000.0
8035,570000.0
6923,874900.0
5689,250000.0
3303,524950.0
6441,559900.0
3407,400000.0
6780,420000.0
909,874900.0
6835,180000.0
4920,306000.0
5130,555000.0
7296,205000.0
7370,155000.0
962,290000.0
2202,450000.0
336,68000.0
658,285000.0
7635,242000.0
2656,295000.0
1143,154900.0
2074,144000.0
516,261000.0
4145,641450.0
752,472000.0
831,245000.0
1393,412000.0
5791,331000.0
5720,737000.0
7324,373000.0
3393,365000.0
2273,2500.0
5702,355000.0
4729,93950.0
7007,165000.0
638,199900.0
5194,490000.0
1538,421000.0
4551,421000.0
6567,1090000.0
6196,2800000.0
2583,555000.0
6562,345000.0
3758,152500.0
4661,232000.0
6178,115000.0
542,262500.0
7650,283000.0
3911,226500.0
2227,158000.0
5644,585000.0
6445,132500.0
2261,16500.0
3412,250000.0
7049,230000.0
4481,248000.0
8031,167000.0
483,565000.0
7976,430000.0
528,236000.0
2842,75000.0
5640,420000.0
3542,550000.0
5164,424099.0
7503,525000.0
3824,310000.0
5468,585000.0
2799,465000.0
129,7400000.0
2697,239000.0
4385,45000.0
3512,425000.0
1343,220000.0
4684,670000.0
1602,1450000.0
2647,440000.0
940,401000.0
3625,350500.0
2917,225900.0
7251,3999999.0
4492,220000.0
7518,437000.0
4957,440000.0
7248,910000.0
2602,430000.0
1577,150000.0
8072,779000.0
7759,405000.0
5197,505000.0
6885,266000.0
4990,250000.0
3732,277875.0
329,779000.0
1372,500100.0
5884,599000.0
773,375000.0
467,247400.0
3396,575000.0
2915,154000.0
4303,185000.0
5431,555000.0
5062,219900.0
5637,1279000.0
8082,530000.0
5033,287500.0
5408,209500.0
7269,560000.0
3431,452500.0
269,318000.0
368,559900.0
7383,332500.0
2036,5900.0
7015,434500.0
1563,1170000.0
1061,395000.0
2219,270000.0
1432,270000.0
7718,1458250.0
7541,285000.0
3478,315000.0
3489,1325000.0
3701,27225.0
7157,327000.0
457,287000.0
4357,380000.0
1585,190000.0
2825,150000.0
6928,487000.0
5457,330000.0
5674,430000.0
1598,388000.0
757,357000.0
5435,1550000.0
4477,203000.0
5781,385000.0
901,415000.0
5249,105000.0
2721,200000.0
299,480000.0
2624,425000.0
4464,323000.0
5951,22000.0
4910,875000.0
2479,412000.0
487,1400000.0
8119,385000.0
667,360000.0
4471,200791.0
23,237000.0
2638,385000.0
952,405000.0
3432,410000.0
825,114000.0
4455,170000.0
2175,99100.0
6214,2800000.0
4719,600000.0
133,452500.0
6993,169900.0
5405,364900.0
1386,599900.0
6921,270000.0
6158,800000.0
5409,399950.0
4428,260000.0
1307,240000.0
2053,263000.0
1835,700000.0
3849,215000.0
6047,465000.0
5862,245000.0
5625,610000.0
4740,209500.0
2488,739900.0
2905,399950.0
8124,220000.0
7745,700000.0
8006,130000.0
6456,310000.0
6302,145000.0
2866,135900.0
5977,99000.0
6172,241000.0
4163,1125000.0
2157,63000.0
5071,350000.0
6726,703125.0
4058,265000.0
5576,747000.0
2581,380000.0
6509,225000.0
2495,431000.0
6378,255000.0
3083,145000.0
5196,250000.0
7882,705000.0
2593,459900.0
412,169400.0
879,172500.0
583,760000.0
2895,570000.0
8013,79900.0
2052,262500.0
7212,1279000.0
3932,42000.0
1297,399900.0
617,485000.0
5389,495000.0
7159,199900.0
2054,323000.0
7849,120000.0
6233,590000.0
5806,305000.0
2572,433000.0
912,390000.0
1618,415000.0
2726,125000.0
4332,200000.0
868,209000.0
7347,445000.0
1928,1458250.0
3811,147000.0
2838,197000.0
7343,775000.0
1438,285000.0
748,173000.0
852,188000.0
464,642500.0
1532,85000.0
2353,292000.0
1690,110000.0
5629,400000.0
318,219000.0
3795,240000.0
5851,527000.0
1499,250000.0
3092,299000.0
4682,710000.0
2849,480000.0
8015,106900.0
6391,100000.0
4414,435000.0
2406,325000.0
3268,359000.0
6120,207000.0
2681,1410000.0
1818,359900.0
324,1125000.0
1163,180000.0
2233,599000.0
1991,242000.0
4665,330000.0
4037,750000.0
6821,374000.0
258,250000.0
5122,599000.0
370,50000.0
3601,760000.0
5133,555000.0
5883,240300.0
1734,115000.0
7283,698000.0
7107,412000.0
5753,149900.0
2433,515000.0
161,999999.0
6300,165900.0
7926,295000.0
2200,305000.0
3262,465000.0
7175,320000.0
6808,750000.0
4887,1010000.0
5677,780000.0
865,1299000.0
1322,205000.0
1152,275000.0
2043,32900.0
3477,325000.0
6884,550000.0
1663,660000.0
4642,175000.0
2460,214400.0
565,307000.0
800,153000.0
7867,441000.0
4444,270000.0
6992,261900.0
798,97000.0
3558,345000.0
4962,370000.0
6117,289000.0
6303,236000.0
7036,315000.0
891,205000.0
4398,63000.0
6173,217000.0
6035,515000.0
5556,94500.0
7235,2125000.0
7173,284500.0
210,200000.0
956,217000.0
675,225000.0
3883,747000.0
5663,590000.0
571,170000.0
1564,225000.0
6451,300000.0
1249,165000.0
701,364500.0
3163,220000.0
2911,136000.0
1251,327500.0
7952,200000.0
381,9900.0
6084,137000.0
3612,347000.0
8122,220000.0
7297,331500.0
7654,229995.0
2154,125000.0
7904,699000.0
5911,272000.0
1666,228000.0
4435,737000.0
6506,419000.0
2021,42000.0
2141,159000.0
4541,330000.0
4389,136000.0
6063,400000.0
5877,283500.0
4142,383000.0
2643,415000.0
3277,147000.0
7337,375000.0
1363,1075000.0
3312,371500.0
7432,42900.0
489,390000.0
3622,498500.0
508,75000.0
7896,730000.0
5876,255000.0
4169,421480.0
7321,357000.0
946,249900.0
6931,725000.0
5072,274500.0
1639,466000.0
3147,260000.0
3910,260000.0
5031,895000.0
4411,68250.0
6844,280000.0
1680,415000.0
7455,185000.0
2425,494000.0
5251,275000.0
2599,219000.0
2654,1048000.0
2813,120000.0
883,339000.0
357,185000.0
25,229000.0
4009,420000.0
7176,270000.0
408,225000.0
530,265000.0
2832,9900.0
3989,260000.0
1409,465000.0
544,323000.0
3521,107000.0
5773,375000.0
5364,245000.0
8029,169400.0
6833,285000.0
6286,325000.0
2114,155350.0
4618,1170000.0
2403,360000.0
6629,850000.0
710,180000.0
7267,665000.0
6401,75000.0
128,625000.0
2073,485000.0
409,237050.0
5746,180000.0
5083,225000.0
2808,297000.0
1132,261250.0
1298,172000.0
7542,118000.0
1623,345000.0
850,153000.0
1988,58000.0
2655,1100000.0
3619,430000.0
661,460000.0
4388,195000.0
1616,395000.0
4653,388000.0
4309,115000.0
4647,100000.0
6135,266000.0
7984,194900.0
2443,575000.0
3437,372500.0
5036,430000.0
4903,745000.0
4967,429000.0
8157,163000.0
3091,297000.0
5352,318000.0
399,185000.0
5274,345000.0
1200,641450.0
2882,440000.0
7913,275000.0
4717,430000.0
7467,209000.0
2084,325000.0
394,79900.0
2671,545900.0
4315,144815.0
1360,460000.0
4870,415000.0
5580,323000.0
4885,432000.0
6914,246500.0
1565,115000.0
6080,425000.0
5368,165000.0
5470,220000.0
3885,262500.0
6153,374000.0
4774,345000.0
3867,262500.0
2070,858000.0
6291,261000.0
7447,223000.0
314,225000.0
1195,3200000.0
5163,440000.0
5718,203000.0
5848,562000.0
1520,269000.0
353,228000.0
7715,1550000.0
7199,1925000.0
4466,222000.0
2059,675000.0
858,442015.0
1614,368000.0
4166,440000.0
2674,160000.0
3506,340000.0
2586,555000.0
6176,280000.0
2561,430000.0
1977,10000.0
4250,130000.0
232,827522.0
479,710000.0
3892,675000.0
1247,188000.0
7273,1000000.0
5093,475000.0
7302,320000.0
4063,350000.0
1586,48500.0
4744,220000.0
814,399900.0
935,325000.0
3425,289900.0
5064,180000.0
3998,280000.0
4701,525000.0
6940,350000.0
5819,430000.0
3153,519450.0
7445,309900.0
3258,360000.0
3917,207000.0
448,100000.0
4575,340000.0
109,1075000.0
4060,60000.0
2393,65000.0
6507,555000.0
4278,2500.0
776,395000.0
338,350000.0
4862,205500.0
3069,390000.0
3832,284500.0
5868,326000.0
2156,111200.0
7741,440000.0
4446,349000.0
7950,490000.0
8080,135000.0
7227,675000.0
513,281000.0
2861,169400.0
2010,703125.0
1368,315000.0
2015,512000.0
4407,283000.0
618,556000.0
709,169000.0
420,225000.0
6779,422500.0
1920,534900.0
1541,218829.0
2448,820000.0
3327,376500.0
826,280000.0
1100,345000.0
4372,129900.0
7043,214000.0
1588,175000.0
7559,290000.0
4509,214000.0
4219,230000.0
7831,525000.0
3699,41800.0
3931,19900.0
6924,425000.0
3884,191000.0
5444,466000.0
1385,395000.0
1407,651000.0
4700,89500.0
3820,162000.0
6426,228000.0
547,222000.0
6062,214400.0
6222,260000.0
5802,345000.0
7409,27500.0
1101,259900.0
2794,200000.0
5581,224325.0
1451,1159000.0
4359,345000.0
1428,448700.0
3041,350000.0
2592,314000.0
690,206000.0
5375,515000.0
812,159900.0
4164,350000.0
5436,623000.0
3314,1410000.0
4330,519000.0
7897,340000.0
7500,270000.0
5452,1180000.0
331,200000.0
5645,2300000.0
243,28000.0
1289,155000.0
587,2125000.0
3587,300000.0
1078,475000.0
4386,310000.0
822,197000.0
6696,100000.0
2854,75000.0
2108,203000.0
751,460000.0
4770,153000.0
3847,415000.0
4233,434500.0
2414,307000.0
5588,200791.0
7561,450000.0
1353,260000.0
3737,350000.0
1380,595000.0
545,224325.0
4947,475000.0
6468,125000.0
4096,289000.0
5131,452500.0
7829,675000.0
7774,250000.0
2063,200791.0
5430,419000.0
4722,1050000.0
2623,705000.0
2167,284500.0
7907,188000.0
2857,245000.0
1,196000.0
123,810000.0
7762,385000.0
7713,500000.0
438,455000.0
5871,295000.0
6511,1550000.0
4993,300000.0
5667,629000.0
3300,102000.0
2615,295000.0
7556,280000.0
2201,335000.0
7344,355000.0
2264,28600.0
3124,515000.0
5441,174632.0
6187,390000.0
1676,810000.0
3565,215000.0
3325,730000.0
726,150000.0
2230,330000.0
2113,277000.0
6554,255000.0
4688,530000.0
4410,439900.0
6515,765000.0
2738,430000.0
7632,232000.0
7627,346000.0
7557,250000.0
799,136000.0
4137,280000.0
411,167000.0
7350,495000.0
7194,335000.0
8048,415000.0
7899,475000.0
1495,15900.0
797,315000.0
1109,227000.0
8137,280000.0
7348,412000.0
3118,200000.0
1348,200000.0
3725,320000.0
1253,810000.0
713,424900.0
4696,390000.0
4929,292500.0
6786,347000.0
5652,675000.0
4225,165000.0
5779,439900.0
1842,267000.0
3487,330000.0
851,185000.0
7318,1075000.0
2480,2800000.0
112,430000.0
7969,79000.0
663,1700000.0
4213,340000.0
6283,75000.0
2927,1915000.0
1481,2100000.0
5762,150000.0
2679,371500.0
6934,399000.0
3872,822500.0
146,450000.0
3135,440000.0
4418,360000.0
5713,260000.0
2490,305000.0
6692,295000.0
4536,161500.0
6164,250000.0
7868,315000.0
4931,705000.0
3099,228000.0
5801,180000.0
5880,205000.0
1679,236000.0
7290,515000.0
620,2100000.0
2151,172500.0
4017,335000.0
4714,439000.0
4872,359900.0
8011,69000.0
5736,260000.0
5397,93950.0
922,356000.0
6215,410000.0
3122,539900.0
540,140000.0
8027,237050.0
7044,109000.0
5623,950000.0
2223,235000.0
7998,300000.0
1739,619000.0
6307,240000.0
4942,575000.0
5135,370000.0
1282,136000.0
6826,800000.0
5428,345000.0
4408,284500.0
300,368000.0
509,220000.0
6705,58000.0
403,100000.0
450,258000.0
5850,505000.0
2447,350500.0
3156,375000.0
2002,200000.0
7507,425000.0
6071,259900.0
5412,189000.0
1604,450000.0
8099,48500.0
1731,417500.0
2816,345000.0
4476,1795000.0
1590,236500.0
3842,360000.0
4265,16500.0
857,510000.0
6287,69000.0
6151,250000.0
8073,485000.0
319,390000.0
6105,303000.0
7646,427900.0
3702,15400.0
7989,559900.0
8158,655000.0
5586,733900.0
2044,141000.0
4138,246500.0
2811,220000.0
6073,350000.0
6392,325000.0
6231,280000.0
4919,102000.0
7505,1150000.0
6916,415000.0
4387,147000.0
4121,212500.0
7377,69500.0
7513,400000.0
2594,365000.0
4644,103000.0
303,522500.0
6938,410000.0
1567,63000.0
853,632500.0
6299,143500.0
2631,365000.0
114,475000.0
523,218829.0
514,85000.0
939,275000.0
2625,1285000.0
1072,240000.0
1074,2800000.0
2933,1410000.0
1831,1010000.0
7189,405000.0
5687,300000.0
4059,305000.0
1556,330000.0
6475,100000.0
7319,415000.0
3554,1059800.0
6903,311500.0
6182,283000.0
6508,428000.0
1926,465000.0
5659,395000.0
6840,241000.0
3193,205500.0
7185,420000.0
4773,200000.0
1459,360000.0
1181,300000.0
1634,765000.0
7653,260000.0
5597,630000.0
1346,300000.0
4158,399000.0
2487,430000.0
4014,515000.0
2727,225000.0
3298,306000.0
2584,452500.0
3057,1410000.0
1571,159900.0
5410,135000.0
5061,346000.0
3633,374000.0
6448,26000.0
7357,122000.0
3687,7590.0
1658,169500.0
347,59000.0
2906,135000.0
2839,89900.0
6492,1250000.0
5764,125000.0
3252,150000.0
1284,354900.0
6213,412000.0
4317,283500.0
6532,1900000.0
5424,784000.0
5350,637500.0
6440,112000.0
5735,425000.0
4131,509000.0
5788,85000.0
377,26000.0
4240,200000.0
503,315000.0
2417,220000.0
7546,315000.0
7885,371500.0
7751,429000.0
6540,690000.0
1733,460000.0
4544,281000.0
4376,169000.0
7187,745000.0
765,530000.0
4316,255000.0
1613,480000.0
6703,232000.0
8107,258000.0
7045,155000.0
1267,163000.0
4401,310000.0
1390,245000.0
5084,283000.0
6409,68000.0
4632,150000.0
5341,250000.0
674,215000.0
7493,1660000.0
2204,185000.0
6410,145000.0
3615,429000.0
414,110000.0
3823,106000.0
2130,170000.0
7480,147000.0
3862,277000.0
456,305000.0
158,550000.0
1753,260000.0
1548,265000.0
5643,670000.0
2234,271000.0
7082,315000.0
4143,750000.0
6708,241500.0
7090,610000.0
1130,65000.0
5664,349500.0
3924,250000.0
7226,560000.0
7239,1560000.0
1334,158000.0
2658,245000.0
3157,209500.0
861,320000.0
3495,235001.0
2222,247000.0
4024,575000.0
5074,237000.0
796,253000.0
2903,375000.0
7928,297000.0
1252,220000.0
8118,315000.0
1764,399950.0
2578,289900.0
3101,430000.0
5257,465000.0
525,165900.0
6848,149900.0
5193,440000.0
130,380000.0
3089,312000.0
227,432000.0
792,122000.0
2126,260000.0
1821,385000.0
967,585000.0
4893,271500.0
3938,300000.0
5032,600000.0
5017,450000.0
2289,29700.0
702,609000.0
554,203000.0
1315,172900.0
5422,522500.0
3571,60000.0
5400,689999.0
5168,370000.0
6374,417000.0
5143,850000.0
1820,675000.0
6455,204000.0
350,570000.0
8103,236500.0
2491,315000.0
7633,58000.0
5349,200000.0
1248,632500.0
6801,375000.0
7921,140000.0
2271,86000.0
7995,163000.0
2922,247400.0
1194,1660000.0
6544,345000.0
288,665000.0
1719,49900.0
7008,320000.0
6118,380000.0
7499,415000.0
681,328350.0
6463,148800.0
3479,324000.0
3159,135000.0
1445,1220000.0
2620,465000.0
4301,178000.0
4743,425000.0
5606,224900.0
3749,599000.0
2795,360000.0
5076,229000.0
7639,107000.0
339,169500.0
5030,430000.0
7244,825000.0
6788,335000.0
7309,285000.0
3768,150000.0
6943,335000.0
1371,472000.0
1450,335000.0
1318,245000.0
4148,425000.0
472,1915000.0
2208,265000.0
1317,178000.0
3423,777000.0
2056,195000.0
2818,762000.0
1759,519450.0
2115,269000.0
2359,280000.0
4683,200000.0
7922,400000.0
3743,158000.0
5780,68250.0
2644,826000.0
1376,610000.0
1740,430000.0
1827,498000.0
1279,253000.0
1285,165000.0
7895,450000.0
6210,1410000.0
3590,261250.0
6695,71500.0
7484,280000.0
6504,345000.0
1730,515000.0
6459,130000.0
7710,534900.0
7048,185000.0
5119,433000.0
4561,265000.0
854,162500.0
6545,28000.0
1160,250000.0
7225,2100000.0
653,350000.0
4756,280000.0
6056,395000.0
1177,450000.0
2663,240000.0
897,3200000.0
1364,465000.0
1269,380000.0
5129,7400000.0
1358,247200.0
3616,366000.0
6122,292000.0
3185,318000.0
2434,347000.0
6691,205000.0
1258,434500.0
3871,210000.0
4375,65000.0
6845,250000.0
6029,422500.0
1710,480000.0
2614,820000.0
1846,271500.0
7438,115500.0
7255,1279000.0
5123,777000.0
2007,497900.0
2100,215000.0
888,272500.0
7055,155000.0
4409,160000.0
7014,106000.0
422,63000.0
7776,515000.0
737,375000.0
3525,289000.0
1986,232000.0
4843,250000.0
1416,400000.0
2475,330000.0
6436,194900.0
4369,255000.0
2286,42900.0
4776,762000.0
267,637500.0
6417,425000.0
7093,117777.0
2263,27500.0
229,700000.0
1422,607900.0
2565,465000.0
2694,376500.0
7652,497900.0
2254,68750.0
7905,239000.0
4902,827522.0
8009,148800.0
7708,1035800.0
3421,810000.0
3913,224900.0
435,255000.0
4440,269000.0
3126,485000.0
478,670000.0
1694,204000.0
6520,466000.0
3763,375000.0
7299,448700.0
5411,570000.0
1562,162000.0
5706,640000.0
3161,452000.0
6711,107000.0
2012,230000.0
2128,609000.0
3457,343000.0
5148,395000.0
2660,279000.0
2247,375000.0
3123,530000.0
3828,375000.0
3523,255000.0
7303,270000.0
1117,440000.0
6702,180000.0
7898,340000.0
490,340000.0
926,335000.0
4147,874900.0
3764,118000.0
6528,1206000.0
2473,2500000.0
7641,305000.0
6920,750000.0
3485,440000.0
1649,520000.0
7380,155000.0
546,195000.0
2474,440000.0
5181,405000.0
1214,725000.0
7354,527000.0
7903,298897.0
7145,255000.0
7210,1437500.0
7987,415000.0
7178,300000.0
410,155000.0
1500,94500.0
7029,147000.0
3150,485000.0
2453,487000.0
3119,875000.0
7139,305000.0
3387,1285000.0
2057,222000.0
6999,188000.0
7637,350000.0
3946,20700.0
4249,165000.0
6107,285000.0
7168,780000.0
5401,485000.0
3524,200000.0
39,465000.0
6538,385000.0
4755,100000.0
2452,490000.0
1187,333500.0
7540,335000.0
2484,475000.0
4892,540000.0
3384,370000.0
5471,1915000.0
2557,1035800.0
7770,465000.0
7264,1760000.0
5900,315000.0
3604,645000.0
7306,460000.0
1129,300000.0
4558,145000.0
3054,1375000.0
637,629000.0
5901,97000.0
5817,313000.0
2800,210000.0
1149,410000.0
17,275000.0
7758,575000.0
7059,160000.0
8017,480000.0
2803,685000.0
968,300000.0
305,784000.0
1331,144815.0
7153,465000.0
5551,15900.0
384,315000.0
2061,545000.0
4713,550000.0
1170,510000.0
2898,415000.0
4031,410500.0
7742,424099.0
2405,123000.0
4094,255000.0
1239,162500.0
4555,143500.0
3149,689999.0
7373,185000.0
4497,221500.0
6288,281000.0
1717,145000.0
4763,200000.0
7509,238000.0
7844,700000.0
18,242000.0
3591,635000.0
1204,270000.0
7277,395000.0
7539,265000.0
742,160000.0
3976,330000.0
2477,1325000.0
7548,145000.0
953,75000.0
3488,240000.0
716,140000.0
2840,159900.0
6530,415000.0
2901,364900.0
4553,280000.0
1737,439000.0
6502,487000.0
6929,400000.0
2272,115500.0
272,225000.0
3450,895000.0
1580,63500.0
1762,375000.0
3804,424900.0
1375,785000.0
1636,174632.0
4650,39900.0
1168,241000.0
1089,431000.0
1064,960000.0
5728,324900.0
2081,170000.0
4365,450000.0
5085,266900.0
7144,240000.0
1918,1035800.0
8024,145000.0
4944,730000.0
4568,300000.0
6434,68000.0
5210,515000.0
212,359900.0
3887,323000.0
1266,200000.0
1633,390000.0
4370,165000.0
4899,625600.0
3882,258000.0
2876,365000.0
5705,190000.0
628,276000.0
824,240000.0
5755,310000.0
4393,150000.0
6281,310000.0
2176,252000.0
2022,18900.0
4046,225000.0
2228,293500.0
5170,425000.0
4884,345000.0
4520,20700.0
951,145000.0
2116,206000.0
1290,259500.0
7184,1700000.0
5183,375000.0
559,210000.0
5723,277000.0
6478,145000.0
1457,825000.0
1493,214000.0
534,235000.0
7069,379990.0
4912,279000.0
3095,79000.0
5717,328350.0
4327,220000.0
6918,383000.0
6373,570000.0
113,500000.0
469,585000.0
5922,332500.0
2430,370000.0
2348,380000.0
5354,125000.0
1097,220000.0
7625,208000.0
3500,260000.0
3875,260000.0
4745,188000.0
7006,230000.0
5376,417500.0
6209,330000.0
8037,675000.0
4025,498500.0
1635,718750.0
1648,194628.0
5952,27500.0
4230,327500.0
5154,520000.0
1546,236000.0
5908,109000.0
3961,475000.0
5626,825000.0
6212,240000.0
3991,305000.0
955,241000.0
5654,1100000.0
6707,242000.0
4305,365000.0
616,1760000.0
136,580000.0
806,155000.0
2567,1458250.0
3128,115000.0
7085,472000.0
1615,310000.0
309,345000.0
3721,29700.0
6561,271500.0
7140,335000.0
2689,450000.0
2445,465000.0
1300,355000.0
1275,304000.0
1454,950000.0
5128,380000.0
6858,319999.0
6625,465000.0
2947,250000.0
6558,180000.0
2613,460000.0
1757,415000.0
4404,375000.0
3094,660000.0
488,420000.0
7265,485000.0
820,160000.0
7999,175100.0
8106,325000.0
5539,12900.0
2787,188000.0
6498,522500.0
424,150000.0
4844,164900.0
3889,195000.0
7051,159900.0
5932,335000.0
1738,789900.0
4323,240300.0
552,200791.0
560,858000.0
7977,172000.0
1312,335000.0
7408,22000.0
6897,310000.0
1056,475000.0
6790,366000.0
3499,430000.0
2916,350000.0
6560,540000.0
4452,364500.0
5928,114000.0
1443,630000.0
5933,379990.0
3255,150000.0
451,39900.0
673,707000.0
3049,585000.0
3572,137000.0
5059,208000.0
7254,1100000.0
785,800000.0
2345,255000.0
2862,155000.0
8084,159900.0
712,60000.0
4564,322000.0
6852,585000.0
6892,212500.0
930,154900.0
5653,770000.0
7204,400000.0
6460,197000.0
1475,585000.0
5118,375000.0
2062,320000.0
3053,200000.0
6195,475000.0
2843,62500.0
2640,560000.0
1917,710000.0
810,185000.0
3585,123000.0
573,220000.0
7305,300000.0
5834,375000.0
8129,85000.0
4876,385000.0
5693,1700000.0
7004,510000.0
6905,315000.0
4630,417000.0
7768,826000.0
245,389900.0
359,282000.0
4785,65000.0
3530,145000.0
5789,295000.0
1191,500000.0
5929,280000.0
4631,396500.0
5176,689900.0
2251,13200.0
936,410000.0
1828,340000.0
7072,145000.0
3197,245000.0
735,100000.0
847,309900.0
375,140000.0
460,154000.0
5329,290000.0
1243,230000.0
1188,315000.0
6095,360000.0
7842,432000.0
3856,328350.0
1638,1125000.0
1383,468000.0
5914,185000.0
3158,399950.0
578,247900.0
7839,28000.0
5808,450000.0
6060,369900.0
7887,555000.0
2897,485000.0
2246,260000.0
8108,39900.0
4343,144000.0
470,230000.0
3441,365000.0
3279,345000.0
4480,630000.0
2388,425000.0
3081,520000.0
5473,1375000.0
5482,210000.0
6396,615000.0
6099,300000.0
3955,141000.0
1171,250000.0
3562,282000.0
7957,68000.0
1659,297000.0
3819,125000.0
5479,2600000.0
3108,810000.0
1735,365000.0
3434,580000.0
4909,200000.0
7105,454000.0
2232,240300.0
235,485000.0
332,284900.0
4896,485000.0
3290,320000.0
4097,380000.0
5058,100000.0
5612,221500.0
1978,71500.0
4875,675000.0
570,224900.0
5116,1500000.0
2101,225000.0
7434,99000.0
1431,320000.0
6863,107000.0
6113,107000.0
3104,185000.0
143,365000.0
1268,172500.0
4557,530000.0
2483,235001.0
5006,289900.0
7463,327500.0
6922,1150000.0
7124,331000.0
4415,259900.0
722,136000.0
6419,299000.0
110,534900.0
7070,245000.0
4698,340000.0
7761,375000.0
342,460000.0
2880,619000.0
591,1560000.0
4035,395000.0
1834,745000.0
7024,200000.0
1484,675000.0
8093,63500.0
1420,455000.0
1472,550000.0
688,155350.0
3844,190000.0
7659,475000.0
7134,180000.0
882,147000.0
5167,700000.0
2496,450000.0
4880,690000.0
1838,827522.0
1274,165000.0
780,355000.0
601,3999999.0
4723,540000.0
4769,220000.0
3930,42900.0
574,207000.0
5742,88500.0
3374,335500.0
6925,290000.0
2696,699000.0
3617,330000.0
6796,498500.0
3100,151000.0
2102,262500.0
308,525000.0
3446,219000.0
553,545000.0
3987,265000.0
1150,374000.0
3082,68000.0
4657,75000.0
3731,205000.0
6623,475000.0
4092,107000.0
7379,172000.0
6184,585000.0
7287,400000.0
1359,515000.0
6719,200000.0
5593,1795000.0
3526,380000.0
1692,175100.0
5738,609000.0
6437,278000.0
2366,264900.0
5360,205500.0
6372,259900.0
5796,270000.0
5604,226500.0
4916,315000.0
2378,345000.0
2481,410000.0
5233,450000.0
6823,320000.0
7056,235000.0
1483,770000.0
5826,530000.0
6175,250000.0
7743,435000.0
5660,651000.0
5151,600000.0
1743,550000.0
3036,232000.0
5345,195000.0
8095,455000.0
5859,220000.0
640,400000.0
1531,281000.0
7478,380000.0
7916,240000.0
6207,440000.0
5073,107000.0
7256,1000000.0
4953,239000.0
6025,760000.0
6159,265000.0
2648,490000.0
24,305000.0
6615,400000.0
7293,607900.0
6177,250000.0
3761,255900.0
5227,239900.0
5821,373000.0
6838,75000.0
538,330000.0
7953,284900.0
4337,260000.0
4563,240000.0
520,421000.0
1825,500000.0
6199,541000.0
1326,270000.0
4888,825000.0
744,68250.0
8058,823500.0
2887,540000.0
1480,665000.0
371,425000.0
1096,371000.0
621,560000.0
2459,369900.0
2145,310000.0
2404,610000.0
803,274000.0
2672,120000.0
5235,475000.0
5856,469000.0
1467,1437500.0
4352,227000.0
2886,1050000.0
7893,575000.0
3999,300000.0
4904,28000.0
2174,140267.0
1357,375000.0
120,850000.0
3766,252000.0
808,185000.0
1529,325000.0
3139,1050000.0
3905,248000.0
3429,985000.0
2574,810000.0
2870,530000.0
6617,1035800.0
1327,295000.0
4221,153000.0
5843,454000.0
3992,315000.0
3606,420000.0
395,125000.0
2136,180000.0
2441,430000.0
6074,282000.0
6910,707500.0
1990,241500.0
14,180000.0
7826,1900000.0
3691,62000.0
4293,99000.0
2079,675000.0
139,372500.0
3621,575000.0
728,125000.0
2017,29900.0
3817,150000.0
4441,206000.0
4886,28000.0
5899,165000.0
5443,1125000.0
8112,1150000.0
3480,395000.0
6854,455555.0
2071,630000.0
6442,234900.0
5820,315000.0
1223,350000.0
1405,276000.0
4552,360000.0
7396,172900.0
2,205000.0
144,565000.0
7914,200000.0
2220,295000.0
5348,258000.0
971,405000.0
7529,340000.0
2617,440000.0
238,448000.0
1446,2125000.0
6078,362500.0
3127,460000.0
2941,705000.0
3807,140000.0
1082,739900.0
4528,32900.0
7949,410000.0
11,219900.0
5079,30000.0
3511,590000.0
4865,215000.0
244,470000.0
6123,145000.0
481,210000.0
159,343000.0
4151,390000.0
4390,31500.0
1308,114000.0
5761,178000.0
1584,379000.0
1523,161500.0
3799,65000.0
3473,475000.0
8148,322000.0
7326,472000.0
1997,229000.0
3685,61050.0
1987,270000.0
7250,2350000.0
6404,200000.0
7019,298800.0
7148,385000.0
1316,145000.0
917,375000.0
2384,450000.0
3454,520000.0
4992,515000.0
8043,368000.0
7332,575000.0
2431,333900.0
285,165000.0
3076,305000.0
7050,185000.0
7519,1862500.0
2944,390000.0
5256,280000.0
7361,315000.0
1490,42000.0
6995,340000.0
2437,429000.0
6807,374000.0
6842,510000.0
4707,515000.0
7104,245000.0
2427,422500.0
423,135000.0
500,231650.0
7328,903000.0
668,134000.0
900,560000.0
4217,362000.0
5481,410000.0
4667,154000.0
6223,739900.0
8066,755000.0
684,737000.0
5362,293000.0
4521,5900.0
348,79000.0
1468,1279000.0
2118,324900.0
3195,293000.0
7523,440000.0
1339,240300.0
1215,375000.0
2172,139900.0
7033,130000.0
416,359500.0
2356,190000.0
6514,390000.0
4934,555000.0
3071,250000.0
4662,395000.0
7890,330000.0
729,162000.0
2850,185000.0
4344,260000.0
766,785000.0
3246,127000.0
5399,570000.0
4051,282000.0
2121,349000.0
3377,295000.0
1555,300000.0
2723,179000.0
6381,455000.0
2110,737000.0
2632,385000.0
2416,700000.0
1281,97000.0
8000,9900.0
2123,210000.0
5754,45000.0
2421,371000.0
2688,575000.0
1351,185000.0
8081,150000.0
4721,495000.0
7288,450000.0
2889,615000.0
3926,512000.0
5770,245000.0
2821,497000.0
2879,789900.0
2912,287000.0
6068,202000.0
3455,430000.0
6482,237050.0
7120,260000.0
4224,632500.0
118,1458250.0
4635,63500.0
6089,230000.0
6853,300000.0
8133,92500.0
7363,136000.0
5145,1195000.0
8114,56000.0
8147,240000.0
677,260000.0
515,100000.0
7286,199900.0
1417,450000.0
2501,345000.0
266,200000.0
6408,520000.0
4246,339000.0
7419,2500.0
5830,530000.0
3566,362500.0
7764,560000.0
7146,165000.0
4167,335000.0
1180,585000.0
259,164900.0
801,354900.0
833,145000.0
4384,149900.0
6150,430000.0
5147,518444.0
2395,440000.0
4936,239900.0
3838,115000.0
6477,89900.0
1706,79900.0
4548,323000.0
6382,222000.0
7062,234000.0
1394,800000.0
2890,490000.0
5917,172000.0
5575,285000.0
1094,425000.0
3447,518444.0
7317,513000.0
5209,306000.0
5240,699000.0
2937,410000.0
111,1041750.0
3491,412000.0
5189,415000.0
6908,500000.0
6168,145000.0
8002,310000.0
2678,332000.0
1113,60000.0
4326,168000.0
7522,350000.0
1929,3850000.0
7183,172500.0
5037,550000.0
8070,750000.0
6278,315000.0
2069,210000.0
1592,100000.0
6720,225000.0
5698,405000.0
6534,186000.0
134,410000.0
3577,230000.0
3714,6380.0
4627,980000.0
3857,203000.0
280,215000.0
2236,220000.0
6157,401000.0
5815,1075000.0
7850,485000.0
7709,1075000.0
7451,210000.0
2806,295000.0
7459,320000.0
7959,350000.0
4244,172500.0
2192,305000.0
1705,62500.0
428,980000.0
7111,527000.0
2129,295000.0
6370,159900.0
4237,298800.0
398,480000.0
5172,1500000.0
4080,635000.0
4922,288000.0
2423,760000.0
5537,32900.0
3326,340000.0
5153,999999.0
5365,340000.0
454,388000.0
1236,309900.0
1398,900000.0
5080,427900.0
315,823500.0
3790,305000.0
5730,245000.0
2562,500000.0
8085,980000.0
7825,200000.0
4329,347000.0
2244,185000.0
6197,570000.0
6289,85000.0
5438,390000.0
7030,339000.0
7389,114000.0
4991,505000.0
8056,428000.0
2809,250000.0
3556,202000.0
6037,449000.0
4011,370000.0
5714,187000.0
6048,350500.0
2863,167000.0
7552,241000.0
4675,135000.0
218,1038712.0
2051,747000.0
743,439900.0
279,293000.0
718,45000.0
3061,210000.0
6997,153000.0
2845,79900.0
4371,265000.0
3254,105000.0
740,283000.0
1768,512500.0
5715,135000.0
6054,490000.0
4780,497000.0
7533,374000.0
4873,1900000.0
5696,745000.0
916,725000.0
8128,281000.0
2885,495000.0
1595,39900.0
4720,550000.0
5385,430000.0
913,487000.0
3329,699000.0
3792,450000.0
1464,2350000.0
555,60000.0
2881,430000.0
7342,230000.0
4883,340000.0
3090,169500.0
8116,148000.0
6811,529900.0
659,250000.0
4645,236500.0
6616,710000.0
8045,395000.0
6827,265000.0
1761,470000.0
7448,162500.0
4267,22000.0
497,226000.0
3192,318000.0
4540,220000.0
5678,205000.0
3281,762000.0
7359,165000.0
5421,395000.0
5926,234000.0
1070,1410000.0
2282,6380.0
135,555000.0
1924,475000.0
2173,115000.0
7101,230000.0
7536,275000.0
2004,225000.0
1426,331500.0
3399,375000.0
2492,320000.0
7563,231000.0
4890,700000.0
3070,340000.0
3316,239900.0
4307,326000.0
7261,670000.0
2621,700000.0
4972,385000.0
1400,392000.0
5000,433000.0
4489,224900.0
7096,375000.0
5647,485000.0
6026,359900.0
5798,305000.0
2138,60000.0
7452,230000.0
4231,238000.0
4264,62000.0
3864,269000.0
1106,450000.0
2722,637500.0
696,210000.0
745,385000.0
1982,346000.0
6295,421000.0
1413,327000.0
3895,200791.0
6097,123000.0
5263,200000.0
1819,1701500.0
8092,255000.0
4068,280000.0
1167,505000.0
3922,420000.0
2104,187000.0
5902,136000.0
3484,534000.0
7352,900000.0
4391,178000.0
2907,425000.0
502,269000.0
6904,333500.0
4641,48500.0
4458,285000.0
5010,985000.0
6309,235000.0
221,500000.0
6479,245000.0
845,718000.0
7340,395000.0
6565,470000.0
1355,118000.0
1662,79000.0
768,575000.0
1985,180000.0
4220,442015.0
4212,309900.0
7,100000.0
1465,621000.0
1220,356000.0
4834,292000.0
6559,448000.0
6839,505000.0
7141,450000.0
6461,89900.0
6818,430000.0
4874,1701500.0
3898,60000.0
6411,350000.0
4924,524950.0
4367,185000.0
233,255000.0
2341,115000.0
5579,263000.0
3319,759000.0
5907,214000.0
692,262500.0
4861,318000.0
8003,162450.0
1437,158000.0
7537,401000.0
7223,556000.0
3458,420000.0
3543,266000.0
3954,32900.0
779,775000.0
427,159900.0
4306,205000.0
4324,599000.0
382,204000.0
7307,250000.0
4338,375000.0
5327,299500.0
4064,440000.0
3472,475000.0
7372,272000.0
4001,345000.0
1627,428000.0
5253,360000.0
741,284500.0
6093,1200000.0
2910,395000.0
4133,205000.0
7565,300000.0
4628,259900.0
7838,345000.0
3109,194900.0
5617,2125000.0
4782,245000.0
7129,270000.0
6915,560000.0
3274,220000.0
7232,1220000.0
3321,575000.0
5591,60000.0
3440,459900.0
526,530000.0
4239,410000.0
5795,227000.0
5921,355000.0
4061,137000.0
4084,285000.0
7966,244500.0
2676,485000.0
6548,432000.0
1278,165000.0
5616,558000.0
1332,255000.0
5872,350000.0
1551,322000.0
5599,485000.0
4079,261250.0
1728,539900.0
4248,360000.0
3927,240000.0
1573,259900.0
6360,359500.0
1257,209000.0
3402,560000.0
4542,325000.0
1674,472500.0
3165,425000.0
5262,359000.0
599,400000.0
7195,1159000.0
4245,380000.0
301,310000.0
5658,276000.0
5391,1050000.0
3067,1400000.0
3513,345000.0
6100,65000.0
5587,320000.0
1305,197000.0
3168,325000.0
6857,279000.0
6937,356000.0
4396,162000.0
3160,425000.0
5841,355000.0
7881,292500.0
3171,345000.0
5396,470000.0
379,110000.0
6485,167000.0
6443,50000.0
1533,100000.0
3696,28600.0
1657,312000.0
2564,1550000.0
2183,295000.0
3476,541000.0
3125,417500.0
7476,163000.0
1378,530000.0
7169,205000.0
4938,330000.0
5857,235000.0
4559,236000.0
2365,266000.0
1984,195000.0
3600,185000.0
4214,223000.0
4996,1500000.0
415,161000.0
750,215000.0
5743,145000.0
5605,675000.0
7095,343000.0
1365,313000.0
1342,168000.0
1976,106000.0
4573,163000.0
6069,225000.0
686,160000.0
2379,259900.0
1744,495000.0
3618,312000.0
1530,69000.0
5878,158000.0
1545,145000.0
7245,891000.0
1205,1150000.0
7190,740000.0
5655,1000000.0
4319,205000.0
5237,340000.0
7271,770000.0
5488,390000.0
486,705000.0
4050,350000.0
5559,14900.0
4933,371500.0
746,139900.0
7410,28600.0
1369,373000.0
3827,95900.0
7037,97000.0
860,165000.0
4439,155350.0
575,325000.0
4,106000.0
4453,609000.0
7876,524950.0
788,527000.0
738,320000.0
3418,375000.0
5242,298897.0
7962,570000.0
6935,437000.0
1677,194900.0
404,89900.0
4877,525000.0
5666,327000.0
1837,625600.0
2802,400000.0
3531,292000.0
6036,347000.0
3439,314000.0
2826,26000.0
855,362000.0
3435,370000.0
6489,675000.0
5672,515000.0
4988,490000.0
1324,326000.0
6727,229995.0
4331,221000.0
3087,425000.0
3383,700000.0
7393,335000.0
3914,170000.0
894,509000.0
498,988750.0
2707,325000.0
954,505000.0
2391,60000.0
7325,465000.0
6181,450000.0
3705,2500.0
2241,200000.0
3975,440000.0
6032,370000.0
2695,387900.0
2924,585000.0
4322,259000.0
7220,2300000.0
5552,300000.0
6397,388000.0
1311,232000.0
6453,175100.0
5699,515000.0
2011,465000.0
3284,300000.0
3048,135000.0
5450,425000.0
874,272500.0
1685,425000.0
3966,541000.0
2645,400000.0
1983,219900.0
6091,280000.0
3738,247000.0
3273,221000.0
1073,412000.0
2604,600000.0
5568,32900.0
3978,1325000.0
5332,425000.0
7202,891000.0
1354,375000.0
5228,299000.0
3596,700000.0
5584,719000.0
234,120000.0
2078,226500.0
4423,415000.0
4029,820000.0
321,718750.0
6412,169500.0
859,230000.0
4955,295000.0
7135,345000.0
3498,265000.0
262,195000.0
6284,220000.0
271,125000.0
4853,179000.0
5704,134000.0
6536,1701500.0
3442,565000.0
7706,400000.0
7992,108000.0
4958,424099.0
5544,42900.0
849,223000.0
6446,108000.0
843,215000.0
1098,339000.0
6723,266900.0
1104,282000.0
2428,420000.0
7547,180000.0
5765,162000.0
5809,263626.0
1080,265000.0
1118,57000.0
1591,225000.0
6564,28000.0
6367,150000.0
1162,315000.0
6038,335000.0
6316,210000.0
7853,448000.0
6218,475000.0
669,190000.0
3573,65000.0
3855,320000.0
7491,315000.0
6190,319999.0
1489,19900.0
430,570000.0
3406,826000.0
3115,234900.0
1111,265000.0
7967,299000.0
5002,810000.0
8097,379000.0
2195,180000.0
1452,1560000.0
8052,345000.0
3831,283000.0
3328,387900.0
4234,209000.0
6817,340000.0
320,765000.0
2919,642500.0
5962,2500.0
2269,27225.0
1145,340000.0
3963,475000.0
2250,375000.0
904,525000.0
641,368000.0
2790,150000.0
1979,100000.0
7944,245000.0
6162,118000.0
2563,475000.0
5455,232000.0
7489,700000.0
5634,621000.0
5832,117777.0
1084,305000.0
4506,42000.0
2942,420000.0
8149,235000.0
6907,700000.0
693,270000.0
7501,383000.0
3994,599000.0
3599,371000.0
246,1090000.0
4901,180000.0
8139,143500.0
1848,350000.0
679,135000.0
2203,263626.0
3843,134000.0
8100,175000.0
3496,475000.0
3110,278000.0
724,172500.0
924,350000.0
1688,163000.0
6730,122500.0
1091,280000.0
7847,827522.0
3900,1795000.0
1729,530000.0
3809,45000.0
3896,545000.0
5066,270000.0
6505,1500000.0
2444,498500.0
5239,387900.0
3166,292000.0
6194,475000.0
3557,225000.0
3803,60000.0
2343,107000.0
5611,325000.0
1131,380000.0
4160,1862500.0
390,148800.0
115,1550000.0
7931,220000.0
5650,2100000.0
3796,255000.0
627,385000.0
3072,89500.0
880,380000.0
223,345000.0
6193,370000.0
4430,135000.0
5081,200000.0
5725,269000.0
1260,410000.0
7462,1299000.0
2577,460000.0
4062,65000.0
2559,534900.0
2661,441000.0
1980,208000.0
950,180000.0
7771,440000.0
8019,135000.0
7064,114000.0
5419,368000.0
2650,250000.0
407,49900.0
1596,75000.0
7841,825000.0
5018,372500.0
4565,235000.0
4363,305000.0
4043,380000.0
7121,85000.0
6512,623000.0
2162,95900.0
4940,759000.0
6525,485000.0
6618,1075000.0
141,314000.0
4052,542500.0
1560,205000.0
5912,185000.0
1839,255000.0
6189,279000.0
5338,345000.0
2135,169000.0
2626,1500000.0
2207,165000.0
1558,140000.0
7982,68000.0
561,630000.0
7636,241500.0
3129,365000.0
7908,285000.0
660,158000.0
5656,1465000.0
593,950000.0
928,339000.0
2824,245000.0
6712,237000.0
5680,350000.0
8153,330000.0
6701,195000.0
7068,335000.0
148,219000.0
7276,276000.0
6829,285000.0
5758,136000.0
2031,94500.0
3977,1410000.0
8135,421000.0
1650,68000.0
4543,69000.0
3626,820000.0
8050,487000.0
4829,299500.0
1518,231650.0
7551,505000.0
5199,300000.0
6449,163000.0
5461,225900.0
7631,180000.0
3937,15900.0
5445,540000.0
1673,282000.0
8090,150000.0
1362,513000.0
4927,389500.0
7215,589000.0
3863,155350.0
7052,69500.0
3271,297000.0
1427,350000.0
6224,305000.0
4852,637500.0
3858,520000.0
3605,422500.0
4694,420000.0
2805,359000.0
443,175000.0
7994,26000.0
1746,1050000.0
694,245000.0
759,315000.0
5662,465000.0
1625,419000.0
2478,240000.0
1265,267500.0
2605,287500.0
4676,585000.0
3935,214000.0
1752,93950.0
4715,789900.0
3734,115000.0
4734,415000.0
4358,180000.0
304,415000.0
3256,275000.0
5711,225000.0
1341,271000.0
372,875000.0
7249,40000.0
1579,255000.0
5158,1100000.0
5542,29900.0
6531,200000.0
8120,161500.0
6879,280000.0
32,225000.0
3745,293500.0
3801,180000.0
7930,221000.0
2408,65000.0
827,232000.0
1197,246500.0
2245,255900.0
4986,465000.0
2837,130000.0
4664,287000.0
2387,227000.0
2936,530000.0
6403,211000.0
5089,229995.0
1323,277875.0
1975,295000.0
7345,245000.0
4639,379000.0
4351,227500.0
1396,562000.0
5191,400000.0
5022,365000.0
5169,705000.0
7308,158000.0
116,465000.0
6721,225000.0
6526,425000.0
885,290000.0
7712,430000.0
4556,165900.0
1391,454000.0
5025,450000.0
902,641450.0
753,513000.0
1207,425000.0
7860,389900.0
2668,288000.0
8115,75000.0
1442,235000.0
7089,785000.0
1681,112000.0
2705,425000.0
3313,555000.0
1193,707500.0
2706,275000.0
3265,400000.0
920,437000.0
6541,498000.0
1647,211000.0
6180,149900.0
6566,389900.0
1479,485000.0
817,355000.0
569,675000.0
3311,332000.0
5867,277875.0
813,69500.0
3306,389500.0
7716,465000.0
6152,325000.0
1716,89900.0
1656,244500.0
4669,225900.0
8020,138000.0
832,172900.0
491,250000.0
401,138000.0
2848,330000.0
162,230000.0
2394,350000.0
3184,179000.0
3436,450000.0
7629,195000.0
7566,455555.0
4467,719000.0
2874,460000.0
3594,307000.0
1403,457000.0
3385,705000.0
8032,95000.0
2651,505000.0
588,12500000.0
1569,530000.0
4364,335000.0
1112,305000.0
6395,75000.0
782,454000.0
522,280000.0
242,350000.0
5141,365000.0
7356,689000.0
5413,675000.0
2075,307000.0
5224,1410000.0
4348,331000.0
1083,260000.0
5585,675000.0
5940,335000.0
5833,595000.0
8121,310000.0
5631,40000.0
3637,369900.0
1671,185000.0
2464,325000.0
7848,255000.0
5190,826000.0
1263,272500.0
1210,390000.0
5582,195000.0
1458,891000.0
966,231000.0
4546,100000.0
311,419000.0
7453,442015.0
2822,300000.0
666,745000.0
6873,145000.0
7864,349900.0
2148,136000.0
4762,359000.0
3586,325000.0
4107,190000.0
5686,339000.0
2735,215000.0
4135,1660000.0
4141,270000.0
1126,610000.0
1597,615000.0
3266,685000.0
7517,399000.0
307,487000.0
4478,210000.0
878,163000.0
4019,366000.0
4691,565000.0
730,111200.0
3724,220000.0
6428,430000.0
2196,345000.0
2499,590000.0
6282,220000.0
